Date,카카오,NAVER,삼성전자,SK하이닉스,현대모비스,현대자동차,LG화학,SK이노베이션
2019-01-01,NaN,NaN,NaN,NaN,NaN,NaN,NaN,NaN
2019-01-02,20400.0,118000.0,38750.0,60600.0,185000.0,114000.0,337000.0,169000.0
2019-01-03,20500.0,122000.0,37600.0,57700.0,192000.0,116500.0,328000.0,166500.0
2019-01-04,20700.0,125500.0,37450.0,58300.0,199500.0,119500.0,330500.0,169000.0
2019-01-05,NaN,NaN,NaN,NaN,NaN,NaN,NaN,NaN
2019-01-06,NaN,NaN,NaN,NaN,NaN,NaN,NaN,NaN
2019-01-07,20600.0,131500.0,38750.0,58700.0,198500.0,120500.0,343000.0,174000.0
2019-01-08,19980.0,130000.0,38100.0,59200.0,193000.0,119500.0,349500.0,177000.0
2019-01-09,20400.0,133000.0,39600.0,63600.0,202500.0,123000.0,352000.0,180000.0
2019-01-10,20200.0,131000.0,39800.0,65300.0,196000.0,123000.0,347000.0,181500.0
2019-01-11,20400.0,131000.0,40500.0,65100.0,196500.0,123000.0,349000.0,179500.0
2019-01-12,NaN,NaN,NaN,NaN,NaN,NaN,NaN,NaN
2019-01-13,NaN,NaN,NaN,NaN,NaN,NaN,NaN,NaN
2019-01-14,20000.0,127000.0,40050.0,62100.0,195000.0,121500.0,350500.0,178000.0
2019-01-15,19980.0,132500.0,41100.0,64000.0,202000.0,127500.0,356000.0,180000.0
2019-01-16,20000.0,132500.0,41450.0,64800.0,200000.0,128500.0,366000.0,178500.0
2019-01-17,19700.0,136000.0,41950.0,64900.0,207000.0,129500.0,360000.0,182500.0
2019-01-18,19920.0,137500.0,42300.0,64600.0,210000.0,131000.0,368500.0,183500.0
2019-01-19,NaN,NaN,NaN,NaN,NaN,NaN,NaN,NaN
2019-01-20,NaN,NaN,NaN,NaN,NaN,NaN,NaN,NaN
2019-01-21,19760.0,131000.0,42750.0,67000.0,205000.0,127000.0,370000.0,181500.0
2019-01-22,20400.0,130000.0,42150.0,66600.0,205500.0,127500.0,366000.0,181500.0
2019-01-23,20500.0,132500.0,42000.0,66800.0,215000.0,129000.0,369000.0,180500.0
2019-01-24,20400.0,129500.0,43050.0,70500.0,214500.0,130000.0,367500.0,179500.0
2019-01-25,20500.0,130000.0,44750.0,74600.0,208500.0,128500.0,373500.0,185500.0
2019-01-26,NaN,NaN,NaN,NaN,NaN,NaN,NaN,NaN
2019-01-27,NaN,NaN,NaN,NaN,NaN,NaN,NaN,NaN
2019-01-28,20400.0,132000.0,45050.0,71800.0,217500.0,126500.0,374500.0,181000.0
2019-01-29,20400.0,136000.0,45500.0,73400.0,221000.0,128000.0,378000.0,185500.0
2019-01-30,19980.0,136000.0,46400.0,75900.0,224500.0,129500.0,379000.0,185500.0
2019-01-31,19860.0,136000.0,46150.0,73900.0,225000.0,129500.0,368000.0,188500.0
2019-02-01,19920.0,133500.0,46350.0,75900.0,224000.0,129500.0,368000.0,186000.0
2019-02-02,NaN,NaN,NaN,NaN,NaN,NaN,NaN,NaN
2019-02-03,NaN,NaN,NaN,NaN,NaN,NaN,NaN,NaN
2019-02-04,NaN,NaN,NaN,NaN,NaN,NaN,NaN,NaN
2019-02-05,NaN,NaN,NaN,NaN,NaN,NaN,NaN,NaN
2019-02-06,NaN,NaN,NaN,NaN,NaN,NaN,NaN,NaN
2019-02-07,19800.0,129000.0,46200.0,76700.0,221000.0,126000.0,369500.0,185500.0
2019-02-08,19640.0,126000.0,44800.0,73500.0,218000.0,125500.0,370000.0,183500.0
2019-02-09,NaN,NaN,NaN,NaN,NaN,NaN,NaN,NaN
2019-02-10,NaN,NaN,NaN,NaN,NaN,NaN,NaN,NaN
2019-02-11,19120.0,125500.0,45000.0,74100.0,219500.0,127500.0,372000.0,185500.0
2019-02-12,19200.0,123500.0,46050.0,75900.0,222000.0,128500.0,371500.0,183500.0
2019-02-13,19620.0,125000.0,46200.0,76200.0,218500.0,124500.0,378000.0,184000.0
2019-02-14,20100.0,127500.0,47500.0,77400.0,218000.0,121500.0,380000.0,183500.0
2019-02-15,20300.0,127500.0,46050.0,73800.0,214000.0,121000.0,380000.0,182000.0
2019-02-16,NaN,NaN,NaN,NaN,NaN,NaN,NaN,NaN
2019-02-17,NaN,NaN,NaN,NaN,NaN,NaN,NaN,NaN
2019-02-18,20400.0,127000.0,46200.0,74700.0,210000.0,120500.0,391000.0,186500.0
2019-02-19,20000.0,126500.0,45950.0,73700.0,209000.0,119500.0,390000.0,188000.0
2019-02-20,19940.0,127000.0,46900.0,75700.0,210000.0,119000.0,394500.0,192000.0
2019-02-21,19780.0,129000.0,46950.0,76700.0,214500.0,120000.0,387500.0,188000.0
2019-02-22,19860.0,127000.0,47150.0,76700.0,213000.0,121000.0,383500.0,184000.0
2019-02-23,NaN,NaN,NaN,NaN,NaN,NaN,NaN,NaN
2019-02-24,NaN,NaN,NaN,NaN,NaN,NaN,NaN,NaN
2019-02-25,19660.0,126000.0,47350.0,75400.0,214000.0,121000.0,385500.0,184000.0
2019-02-26,20700.0,131500.0,46750.0,75200.0,213000.0,122500.0,386000.0,181000.0
2019-02-27,21000.0,129500.0,46750.0,73700.0,221000.0,129000.0,392000.0,188000.0
2019-02-28,20700.0,133000.0,45100.0,70000.0,220500.0,126500.0,390500.0,188000.0
2019-03-01,NaN,NaN,NaN,NaN,NaN,NaN,NaN,NaN
2019-03-02,NaN,NaN,NaN,NaN,NaN,NaN,NaN,NaN
2019-03-03,NaN,NaN,NaN,NaN,NaN,NaN,NaN,NaN
2019-03-04,21700.0,138000.0,44850.0,70100.0,212500.0,122000.0,387000.0,183500.0
2019-03-05,21300.0,135500.0,44250.0,69700.0,210000.0,121500.0,373500.0,188000.0
2019-03-06,21100.0,137500.0,44000.0,68100.0,213000.0,124500.0,373000.0,192000.0
2019-03-07,20900.0,138500.0,44450.0,68100.0,210000.0,125500.0,366000.0,190000.0
2019-03-08,21500.0,133000.0,43800.0,66700.0,204000.0,120000.0,364500.0,192000.0
2019-03-09,NaN,NaN,NaN,NaN,NaN,NaN,NaN,NaN
2019-03-10,NaN,NaN,NaN,NaN,NaN,NaN,NaN,NaN
2019-03-11,21200.0,133500.0,43650.0,66600.0,205500.0,121000.0,361000.0,188500.0
2019-03-12,20700.0,130500.0,44650.0,67700.0,208000.0,125500.0,365500.0,190000.0
2019-03-13,20800.0,130500.0,43850.0,66800.0,207000.0,122500.0,363000.0,186000.0
2019-03-14,21300.0,131000.0,43850.0,67300.0,200000.0,119000.0,370000.0,190000.0
2019-03-15,21500.0,130500.0,44200.0,68100.0,207000.0,121000.0,370500.0,192500.0
2019-03-16,NaN,NaN,NaN,NaN,NaN,NaN,NaN,NaN
2019-03-17,NaN,NaN,NaN,NaN,NaN,NaN,NaN,NaN
2019-03-18,21500.0,132000.0,43700.0,67800.0,213000.0,124000.0,366000.0,193000.0
2019-03-19,20500.0,130500.0,43900.0,68000.0,213000.0,124000.0,369500.0,195000.0
2019-03-20,20400.0,128500.0,44050.0,70500.0,215000.0,124000.0,363000.0,195500.0
2019-03-21,20500.0,128000.0,45850.0,75900.0,213500.0,124500.0,382000.0,195000.0
2019-03-22,20800.0,127000.0,46550.0,76100.0,214500.0,123500.0,379500.0,195500.0
2019-03-23,NaN,NaN,NaN,NaN,NaN,NaN,NaN,NaN
2019-03-24,NaN,NaN,NaN,NaN,NaN,NaN,NaN,NaN
2019-03-25,20400.0,126000.0,45500.0,72900.0,208000.0,120000.0,367000.0,191000.0
2019-03-26,20800.0,126500.0,45250.0,72700.0,210500.0,118500.0,366500.0,187500.0
2019-03-27,20500.0,123000.0,45350.0,73400.0,208000.0,118500.0,362500.0,188000.0
2019-03-28,20500.0,122000.0,44850.0,72300.0,209000.0,119500.0,361000.0,186500.0
2019-03-29,20700.0,124000.0,44650.0,74200.0,208500.0,119500.0,366000.0,179500.0
2019-03-30,NaN,NaN,NaN,NaN,NaN,NaN,NaN,NaN
2019-03-31,NaN,NaN,NaN,NaN,NaN,NaN,NaN,NaN
2019-04-01,20600.0,124000.0,45050.0,76600.0,211000.0,120500.0,370500.0,181500.0
2019-04-02,20700.0,124500.0,45750.0,76400.0,207500.0,119000.0,372000.0,182500.0
2019-04-03,20500.0,122000.0,46600.0,79900.0,215500.0,124000.0,376500.0,184000.0
2019-04-04,20500.0,122500.0,46950.0,78400.0,218500.0,123500.0,376500.0,183500.0
2019-04-05,20500.0,123000.0,46850.0,79000.0,225000.0,126000.0,377500.0,185000.0
2019-04-06,NaN,NaN,NaN,NaN,NaN,NaN,NaN,NaN
2019-04-07,NaN,NaN,NaN,NaN,NaN,NaN,NaN,NaN
2019-04-08,20400.0,121500.0,46650.0,77900.0,223500.0,128000.0,383500.0,185500.0
2019-04-09,20100.0,121500.0,46650.0,77800.0,224500.0,127000.0,387000.0,185500.0
2019-04-10,20500.0,122000.0,46700.0,78600.0,226000.0,127500.0,389000.0,184000.0
2019-04-11,20500.0,121500.0,46250.0,78400.0,226500.0,128000.0,388500.0,185500.0
2019-04-12,20500.0,119500.0,46850.0,78100.0,223000.0,126500.0,380000.0,185000.0
2019-04-13,NaN,NaN,NaN,NaN,NaN,NaN,NaN,NaN
2019-04-14,NaN,NaN,NaN,NaN,NaN,NaN,NaN,NaN
2019-04-15,22100.0,119500.0,47050.0,79700.0,217500.0,125500.0,374000.0,193500.0
2019-04-16,23500.0,119500.0,47250.0,80400.0,225000.0,128500.0,373500.0,192000.0
2019-04-17,23500.0,119500.0,47050.0,80200.0,229500.0,131000.0,371000.0,192000.0
2019-04-18,23300.0,118000.0,45600.0,79200.0,233000.0,134000.0,369000.0,190500.0
2019-04-19,23400.0,118000.0,45300.0,81800.0,229000.0,134000.0,366500.0,191000.0
2019-04-20,NaN,NaN,NaN,NaN,NaN,NaN,NaN,NaN
2019-04-21,NaN,NaN,NaN,NaN,NaN,NaN,NaN,NaN
2019-04-22,23600.0,118000.0,45350.0,80500.0,229000.0,134000.0,370500.0,190000.0
2019-04-23,23300.0,120500.0,45200.0,81000.0,234000.0,136000.0,371000.0,193500.0
2019-04-24,23600.0,121000.0,44750.0,78500.0,232500.0,138500.0,361500.0,193500.0
2019-04-25,23200.0,120500.0,44650.0,80200.0,228000.0,138000.0,365000.0,188500.0
2019-04-26,23000.0,118000.0,44850.0,78600.0,226000.0,135500.0,358500.0,186500.0
2019-04-27,NaN,NaN,NaN,NaN,NaN,NaN,NaN,NaN
2019-04-28,NaN,NaN,NaN,NaN,NaN,NaN,NaN,NaN
2019-04-29,23900.0,120000.0,46150.0,80000.0,234500.0,139000.0,365000.0,187000.0
2019-04-30,24000.0,119500.0,45850.0,79000.0,232500.0,138500.0,361000.0,182500.0
2019-05-01,NaN,NaN,NaN,NaN,NaN,NaN,NaN,NaN
2019-05-02,24600.0,122000.0,45900.0,80700.0,237000.0,138500.0,359000.0,183000.0
2019-05-03,25600.0,124000.0,45300.0,80400.0,233000.0,137500.0,364500.0,180000.0
2019-05-04,NaN,NaN,NaN,NaN,NaN,NaN,NaN,NaN
2019-05-05,NaN,NaN,NaN,NaN,NaN,NaN,NaN,NaN
2019-05-06,NaN,NaN,NaN,NaN,NaN,NaN,NaN,NaN
2019-05-07,25500.0,124000.0,44850.0,79900.0,233500.0,136000.0,358000.0,177000.0
2019-05-08,25700.0,123500.0,44250.0,80300.0,230000.0,135500.0,356000.0,176000.0
2019-05-09,126500.0,119000.0,42450.0,76000.0,219500.0,131000.0,343000.0,169000.0
2019-05-10,26000.0,122500.0,42900.0,74400.0,219000.0,130000.0,344000.0,170500.0
2019-05-11,NaN,NaN,NaN,NaN,NaN,NaN,NaN,NaN
2019-05-12,NaN,NaN,NaN,NaN,NaN,NaN,NaN,NaN
2019-05-13,25700.0,122500.0,42650.0,73500.0,214500.0,129000.0,333000.0,167500.0
2019-05-14,26800.0,122000.0,42650.0,74600.0,212500.0,128000.0,331500.0,166000.0
2019-05-15,26400.0,120000.0,42550.0,74500.0,213000.0,128000.0,340500.0,170000.0
2019-05-16,26700.0,119000.0,41550.0,71900.0,212500.0,127500.0,335500.0,168000.0
2019-05-17,24900.0,121000.0,41200.0,71600.0,212000.0,125500.0,334000.0,168000.0
2019-05-18,NaN,NaN,NaN,NaN,NaN,NaN,NaN,NaN
2019-05-19,NaN,NaN,NaN,NaN,NaN,NaN,NaN,NaN
2019-05-20,25300.0,118500.0,42000.0,70900.0,217000.0,129000.0,330000.0,165000.0
2019-05-21,25000.0,114500.0,43150.0,70300.0,212000.0,127000.0,329500.0,168500.0
2019-05-22,25100.0,113000.0,43500.0,68900.0,211000.0,127000.0,332000.0,167500.0
2019-05-23,24800.0,113000.0,43850.0,68000.0,212000.0,127500.0,327000.0,169500.0
2019-05-24,24800.0,113500.0,42700.0,67600.0,214000.0,130500.0,325500.0,165000.0
2019-05-25,NaN,NaN,NaN,NaN,NaN,NaN,NaN,NaN
2019-05-26,NaN,NaN,NaN,NaN,NaN,NaN,NaN,NaN
2019-05-27,24400.0,110500.0,42650.0,66900.0,219000.0,135000.0,326000.0,164500.0
2019-05-28,24600.0,108500.0,42550.0,65900.0,217000.0,136500.0,326000.0,161000.0
2019-05-29,24300.0,109500.0,41800.0,66100.0,217500.0,134000.0,323000.0,162500.0
2019-05-30,24900.0,112000.0,42550.0,65900.0,221000.0,135500.0,327500.0,165000.0
2019-05-31,24900.0,111500.0,42500.0,65300.0,217000.0,134500.0,333000.0,165000.0
2019-06-01,NaN,NaN,NaN,NaN,NaN,NaN,NaN,NaN
2019-06-02,NaN,NaN,NaN,NaN,NaN,NaN,NaN,NaN
2019-06-03,24500.0,115000.0,43800.0,66600.0,217000.0,138500.0,337000.0,164000.0
2019-06-04,23900.0,111000.0,43450.0,65100.0,217500.0,139000.0,337500.0,163000.0
2019-06-05,24100.0,110500.0,43900.0,65100.0,220500.0,141000.0,331500.0,161500.0
2019-06-06,NaN,NaN,NaN,NaN,NaN,NaN,NaN,NaN
2019-06-07,24000.0,111000.0,44200.0,65400.0,220000.0,140000.0,330500.0,160500.0
2019-06-08,NaN,NaN,NaN,NaN,NaN,NaN,NaN,NaN
2019-06-09,NaN,NaN,NaN,NaN,NaN,NaN,NaN,NaN
2019-06-10,24800.0,114000.0,44800.0,66800.0,225500.0,143000.0,337000.0,162500.0
2019-06-11,24900.0,113000.0,44850.0,67200.0,225500.0,143500.0,341000.0,163000.0
2019-06-12,24800.0,114000.0,44600.0,65700.0,223000.0,141000.0,337000.0,161500.0
2019-06-13,25300.0,113000.0,43750.0,63500.0,216000.0,141000.0,349000.0,161500.0
2019-06-14,25000.0,111500.0,44000.0,63100.0,220500.0,140500.0,344500.0,159500.0
2019-06-15,NaN,NaN,NaN,NaN,NaN,NaN,NaN,NaN
2019-06-16,NaN,NaN,NaN,NaN,NaN,NaN,NaN,NaN
2019-06-17,24300.0,110500.0,43900.0,63700.0,220500.0,140000.0,348500.0,157500.0
2019-06-18,24200.0,109000.0,44350.0,63400.0,223500.0,141000.0,345500.0,159000.0
2019-06-19,24400.0,110000.0,45350.0,67200.0,223500.0,140000.0,348500.0,159500.0
2019-06-20,24400.0,111500.0,45500.0,67300.0,224000.0,140500.0,352000.0,161000.0
2019-06-21,25300.0,113000.0,45700.0,65900.0,226000.0,140500.0,348000.0,161000.0
2019-06-22,NaN,NaN,NaN,NaN,NaN,NaN,NaN,NaN
2019-06-23,NaN,NaN,NaN,NaN,NaN,NaN,NaN,NaN
2019-06-24,25200.0,113500.0,45500.0,66900.0,229000.0,142500.0,348500.0,160500.0
2019-06-25,26100.0,114500.0,45600.0,66700.0,232000.0,141500.0,352000.0,160000.0
2019-06-26,25900.0,115500.0,45700.0,68900.0,233000.0,141500.0,347500.0,160500.0
2019-06-27,26300.0,115000.0,46500.0,70200.0,235500.0,140500.0,349500.0,160500.0
2019-06-28,26300.0,114000.0,47000.0,69500.0,235500.0,140000.0,354500.0,159000.0
2019-06-29,NaN,NaN,NaN,NaN,NaN,NaN,NaN,NaN
2019-06-30,NaN,NaN,NaN,NaN,NaN,NaN,NaN,NaN
2019-07-01,25900.0,114500.0,46600.0,70000.0,235000.0,141000.0,355000.0,161500.0
2019-07-02,26300.0,115000.0,46250.0,71400.0,232000.0,137000.0,348500.0,165000.0
2019-07-03,26200.0,117500.0,45400.0,69100.0,229500.0,136000.0,355500.0,162000.0
2019-07-04,26500.0,118000.0,46000.0,70200.0,232000.0,139000.0,358500.0,171500.0
2019-07-05,26700.0,121000.0,45650.0,68400.0,233500.0,141500.0,354500.0,172500.0
2019-07-06,NaN,NaN,NaN,NaN,NaN,NaN,NaN,NaN
2019-07-07,NaN,NaN,NaN,NaN,NaN,NaN,NaN,NaN
2019-07-08,25600.0,118500.0,44400.0,67400.0,231500.0,138500.0,345000.0,169500.0
2019-07-09,26200.0,115500.0,45100.0,69800.0,231000.0,137500.0,337500.0,166500.0
2019-07-10,26200.0,115500.0,45550.0,72900.0,231500.0,137000.0,337500.0,165500.0
2019-07-11,26100.0,117000.0,46200.0,75500.0,231500.0,139000.0,341000.0,172500.0
2019-07-12,26300.0,117000.0,46300.0,74700.0,235500.0,139500.0,344500.0,175000.0
2019-07-13,NaN,NaN,NaN,NaN,NaN,NaN,NaN,NaN
2019-07-14,NaN,NaN,NaN,NaN,NaN,NaN,NaN,NaN
2019-07-15,26600.0,118000.0,46450.0,76200.0,235500.0,138000.0,347000.0,172500.0
2019-07-16,26600.0,120000.0,46850.0,76100.0,231500.0,133000.0,353000.0,171500.0
2019-07-17,26200.0,119000.0,46050.0,74600.0,234500.0,133500.0,353000.0,172000.0
2019-07-18,26300.0,120500.0,46100.0,74700.0,231000.0,134000.0,356000.0,169000.0
2019-07-19,27000.0,122500.0,46800.0,76800.0,233500.0,134500.0,361500.0,170000.0
2019-07-20,NaN,NaN,NaN,NaN,NaN,NaN,NaN,NaN
2019-07-21,NaN,NaN,NaN,NaN,NaN,NaN,NaN,NaN
2019-07-22,26800.0,121000.0,47200.0,78400.0,227500.0,133000.0,357000.0,173500.0
2019-07-23,27200.0,122500.0,47300.0,78800.0,233000.0,132000.0,359000.0,177000.0
2019-07-24,27200.0,123500.0,46400.0,77600.0,232500.0,132500.0,353500.0,176500.0
2019-07-25,26200.0,134000.0,47200.0,79200.0,245500.0,131500.0,336000.0,172000.0
2019-07-26,26200.0,141000.0,47150.0,79800.0,245500.0,130500.0,333000.0,173000.0
2019-07-27,NaN,NaN,NaN,NaN,NaN,NaN,NaN,NaN
2019-07-28,NaN,NaN,NaN,NaN,NaN,NaN,NaN,NaN
2019-07-29,25800.0,138500.0,46100.0,77000.0,242500.0,128000.0,333000.0,169000.0
2019-07-30,25200.0,138500.0,46550.0,78900.0,244000.0,128000.0,334500.0,170500.0
2019-07-31,25400.0,138000.0,45350.0,76900.0,241000.0,126500.0,337500.0,171000.0
2019-08-01,25300.0,140500.0,45200.0,77700.0,243500.0,125500.0,332500.0,171500.0
2019-08-02,25700.0,142000.0,44950.0,76100.0,246000.0,127500.0,331500.0,168500.0
2019-08-03,NaN,NaN,NaN,NaN,NaN,NaN,NaN,NaN
2019-08-04,NaN,NaN,NaN,NaN,NaN,NaN,NaN,NaN
2019-08-05,24500.0,138000.0,43950.0,75400.0,242500.0,127500.0,315500.0,165500.0
2019-08-06,24400.0,138500.0,43500.0,72000.0,237000.0,126000.0,310000.0,163500.0
2019-08-07,24700.0,137500.0,43200.0,73300.0,238000.0,127000.0,315500.0,163000.0
2019-08-08,25400.0,140000.0,42650.0,72300.0,236500.0,130000.0,318000.0,159000.0
2019-08-09,26400.0,142500.0,43150.0,73300.0,243500.0,132500.0,317000.0,159500.0
2019-08-10,NaN,NaN,NaN,NaN,NaN,NaN,NaN,NaN
2019-08-11,NaN,NaN,NaN,NaN,NaN,NaN,NaN,NaN
2019-08-12,26000.0,140500.0,43700.0,74500.0,238500.0,131000.0,314000.0,158000.0
2019-08-13,26300.0,142500.0,43000.0,74500.0,235000.0,129000.0,309000.0,152000.0
2019-08-14,26100.0,139000.0,43700.0,76900.0,240000.0,127500.0,323500.0,158000.0
2019-08-15,NaN,NaN,NaN,NaN,NaN,NaN,NaN,NaN
2019-08-16,25900.0,139500.0,43900.0,76400.0,239500.0,128000.0,320000.0,158000.0
2019-08-17,NaN,NaN,NaN,NaN,NaN,NaN,NaN,NaN
2019-08-18,NaN,NaN,NaN,NaN,NaN,NaN,NaN,NaN
2019-08-19,26100.0,139000.0,43600.0,75100.0,242000.0,128000.0,321000.0,160000.0
2019-08-20,26400.0,145500.0,44450.0,76400.0,244500.0,126500.0,324000.0,162500.0
2019-08-21,26300.0,147500.0,44500.0,75800.0,245000.0,125500.0,328000.0,164000.0
2019-08-22,26600.0,148000.0,44050.0,73800.0,240500.0,124000.0,320000.0,164500.0
2019-08-23,26600.0,148500.0,43950.0,74400.0,241500.0,126000.0,329500.0,161500.0
2019-08-24,NaN,NaN,NaN,NaN,NaN,NaN,NaN,NaN
2019-08-25,NaN,NaN,NaN,NaN,NaN,NaN,NaN,NaN
2019-08-26,26500.0,143500.0,43600.0,71800.0,239000.0,124500.0,323500.0,159000.0
2019-08-27,26800.0,146500.0,44050.0,73000.0,240500.0,125000.0,323000.0,156000.0
2019-08-28,26700.0,146500.0,44150.0,73300.0,247000.0,127500.0,324000.0,156500.0
2019-08-29,26600.0,145000.0,43400.0,73300.0,244000.0,126500.0,325000.0,156000.0
2019-08-30,26900.0,146500.0,44000.0,77400.0,248500.0,128500.0,330500.0,165000.0
2019-08-31,NaN,NaN,NaN,NaN,NaN,NaN,NaN,NaN
2019-09-01,NaN,NaN,NaN,NaN,NaN,NaN,NaN,NaN
2019-09-02,27400.0,150000.0,43800.0,77600.0,252500.0,131000.0,321500.0,165500.0
2019-09-03,27500.0,150500.0,43250.0,77000.0,249000.0,128500.0,322000.0,162500.0
2019-09-04,27700.0,151000.0,44100.0,80000.0,250500.0,128500.0,321500.0,161500.0
2019-09-05,27000.0,147000.0,45700.0,83000.0,246500.0,128000.0,325000.0,164000.0
2019-09-06,27200.0,149500.0,46300.0,81900.0,249000.0,127500.0,328500.0,164500.0
2019-09-07,NaN,NaN,NaN,NaN,NaN,NaN,NaN,NaN
2019-09-08,NaN,NaN,NaN,NaN,NaN,NaN,NaN,NaN
2019-09-09,26600.0,153000.0,46900.0,84300.0,251000.0,127000.0,325000.0,165500.0
2019-09-10,27100.0,150500.0,47000.0,83100.0,249000.0,128000.0,322000.0,166500.0
2019-09-11,26600.0,153500.0,47150.0,82600.0,247500.0,129000.0,324000.0,168500.0
2019-09-12,NaN,NaN,NaN,NaN,NaN,NaN,NaN,NaN
2019-09-13,NaN,NaN,NaN,NaN,NaN,NaN,NaN,NaN
2019-09-14,NaN,NaN,NaN,NaN,NaN,NaN,NaN,NaN
2019-09-15,NaN,NaN,NaN,NaN,NaN,NaN,NaN,NaN
2019-09-16,26400.0,154500.0,47100.0,79500.0,244500.0,128000.0,324500.0,173000.0
2019-09-17,26400.0,155000.0,46900.0,79400.0,248000.0,126000.0,327500.0,171500.0
2019-09-18,27400.0,159000.0,47700.0,80200.0,249500.0,127500.0,325500.0,169500.0
2019-09-19,27100.0,157500.0,49150.0,82700.0,245500.0,129000.0,327500.0,169000.0
2019-09-20,27100.0,157000.0,49200.0,82200.0,248500.0,129500.0,329000.0,168500.0
2019-09-21,NaN,NaN,NaN,NaN,NaN,NaN,NaN,NaN
2019-09-22,NaN,NaN,NaN,NaN,NaN,NaN,NaN,NaN
2019-09-23,26900.0,157000.0,49300.0,82800.0,251500.0,133000.0,323500.0,169500.0
2019-09-24,27600.0,158000.0,49500.0,83400.0,259500.0,134000.0,327000.0,169500.0
2019-09-25,27200.0,158000.0,48900.0,81900.0,255000.0,134500.0,305000.0,168000.0
2019-09-26,136500.0,158000.0,49200.0,83300.0,249500.0,133000.0,304500.0,166500.0
2019-09-27,27100.0,156000.0,48400.0,81400.0,249000.0,133500.0,301500.0,164000.0
2019-09-28,NaN,NaN,NaN,NaN,NaN,NaN,NaN,NaN
2019-09-29,NaN,NaN,NaN,NaN,NaN,NaN,NaN,NaN
2019-09-30,27100.0,157000.0,49050.0,82200.0,252000.0,134000.0,299500.0,166000.0
2019-10-01,27500.0,160000.0,48850.0,82000.0,247500.0,132500.0,304500.0,165500.0
2019-10-02,27100.0,157000.0,47600.0,79500.0,245500.0,128500.0,296500.0,162500.0
2019-10-03,NaN,NaN,NaN,NaN,NaN,NaN,NaN,NaN
2019-10-04,26700.0,150500.0,48000.0,80300.0,242500.0,126500.0,296000.0,164000.0
2019-10-05,NaN,NaN,NaN,NaN,NaN,NaN,NaN,NaN
2019-10-06,NaN,NaN,NaN,NaN,NaN,NaN,NaN,NaN
2019-10-07,26900.0,153000.0,47750.0,80300.0,244000.0,128000.0,289000.0,165000.0
2019-10-08,26900.0,153500.0,48900.0,80900.0,243500.0,129500.0,295500.0,168000.0
2019-10-09,NaN,NaN,NaN,NaN,NaN,NaN,NaN,NaN
2019-10-10,27300.0,153500.0,48550.0,79000.0,245500.0,126500.0,297000.0,163000.0
2019-10-11,27000.0,156000.0,49150.0,80000.0,244000.0,126000.0,302500.0,167500.0
2019-10-12,NaN,NaN,NaN,NaN,NaN,NaN,NaN,NaN
2019-10-13,NaN,NaN,NaN,NaN,NaN,NaN,NaN,NaN
2019-10-14,26900.0,156000.0,50000.0,80500.0,240500.0,122000.0,304000.0,169000.0
2019-10-15,26800.0,151500.0,50100.0,81200.0,245500.0,122000.0,303000.0,164000.0
2019-10-16,26400.0,154500.0,50700.0,82400.0,244000.0,123000.0,303000.0,162000.0
2019-10-17,26100.0,153000.0,50500.0,81000.0,240500.0,123000.0,304000.0,162500.0
2019-10-18,26500.0,150500.0,49900.0,77400.0,241000.0,123000.0,295500.0,163000.0
2019-10-19,NaN,NaN,NaN,NaN,NaN,NaN,NaN,NaN
2019-10-20,NaN,NaN,NaN,NaN,NaN,NaN,NaN,NaN
2019-10-21,26700.0,152000.0,50300.0,77500.0,238500.0,122000.0,298500.0,160500.0
2019-10-22,27200.0,154000.0,51200.0,79100.0,241000.0,122000.0,298500.0,163500.0
2019-10-23,28000.0,152500.0,51200.0,77700.0,240000.0,121000.0,299500.0,159500.0
2019-10-24,27900.0,153000.0,50700.0,80000.0,241000.0,122000.0,298000.0,163500.0
2019-10-25,28000.0,152500.0,50900.0,82900.0,237000.0,123500.0,301500.0,162000.0
2019-10-26,NaN,NaN,NaN,NaN,NaN,NaN,NaN,NaN
2019-10-27,NaN,NaN,NaN,NaN,NaN,NaN,NaN,NaN
2019-10-28,28000.0,157000.0,51300.0,82900.0,237000.0,121500.0,302000.0,161000.0
2019-10-29,27900.0,153000.0,51100.0,83000.0,237500.0,122500.0,300000.0,162500.0
2019-10-30,27600.0,154500.0,50400.0,81500.0,238000.0,122500.0,305000.0,159000.0
2019-10-31,28300.0,164000.0,50400.0,82000.0,238000.0,122000.0,307500.0,160000.0
2019-11-01,29100.0,167000.0,51200.0,83100.0,243000.0,124000.0,309000.0,160500.0
2019-11-02,NaN,NaN,NaN,NaN,NaN,NaN,NaN,NaN
2019-11-03,NaN,NaN,NaN,NaN,NaN,NaN,NaN,NaN
2019-11-04,29300.0,164500.0,52300.0,84700.0,242500.0,124000.0,315000.0,160500.0
2019-11-05,29700.0,161500.0,52700.0,85100.0,246500.0,125000.0,321500.0,161000.0
2019-11-06,30200.0,161500.0,53300.0,83500.0,244500.0,123500.0,317500.0,159500.0
2019-11-07,30200.0,165500.0,52900.0,83600.0,247000.0,123500.0,316500.0,160000.0
2019-11-08,30400.0,163500.0,52100.0,82300.0,242000.0,124000.0,323000.0,162000.0
2019-11-09,NaN,NaN,NaN,NaN,NaN,NaN,NaN,NaN
2019-11-10,NaN,NaN,NaN,NaN,NaN,NaN,NaN,NaN
2019-11-11,30800.0,163000.0,51600.0,81300.0,241500.0,123500.0,317000.0,161000.0
2019-11-12,30700.0,162000.0,52600.0,83200.0,244500.0,125500.0,317500.0,160500.0
2019-11-13,30700.0,158000.0,52500.0,83400.0,241500.0,124500.0,314500.0,157000.0
2019-11-14,NaN,NaN,NaN,NaN,NaN,NaN,NaN,NaN
2019-11-15,31100.0,173500.0,53700.0,85200.0,257500.0,125500.0,317500.0,159500.0
2019-11-16,NaN,NaN,NaN,NaN,NaN,NaN,NaN,NaN
2019-11-17,NaN,NaN,NaN,NaN,NaN,NaN,NaN,NaN
2019-11-18,31500.0,178500.0,53500.0,85500.0,255500.0,126000.0,316000.0,160000.0
2019-11-19,31300.0,170500.0,53500.0,85300.0,257000.0,125000.0,317500.0,158500.0
2019-11-20,31300.0,169500.0,52000.0,82700.0,256000.0,124500.0,309500.0,155000.0
2019-11-21,30800.0,170000.0,51000.0,80900.0,253000.0,124500.0,305000.0,154500.0
2019-11-22,30600.0,167500.0,51600.0,81700.0,255500.0,123500.0,301000.0,152000.0
2019-11-23,NaN,NaN,NaN,NaN,NaN,NaN,NaN,NaN
2019-11-24,NaN,NaN,NaN,NaN,NaN,NaN,NaN,NaN
2019-11-25,31300.0,174000.0,51800.0,81700.0,257000.0,125000.0,308500.0,150500.0
2019-11-26,31500.0,173000.0,51800.0,82300.0,247000.0,122500.0,308500.0,149500.0
2019-11-27,31500.0,172500.0,52200.0,82700.0,252500.0,123500.0,309000.0,150000.0
2019-11-28,31400.0,173000.0,51300.0,82800.0,251000.0,124000.0,309000.0,147500.0
2019-11-29,31100.0,172000.0,50300.0,80900.0,245000.0,121000.0,306500.0,146500.0
2019-11-30,NaN,NaN,NaN,NaN,NaN,NaN,NaN,NaN
2019-12-01,NaN,NaN,NaN,NaN,NaN,NaN,NaN,NaN
2019-12-02,31300.0,171500.0,50400.0,80500.0,246500.0,121500.0,309000.0,147500.0
2019-12-03,31400.0,172000.0,49900.0,78700.0,248000.0,121500.0,309500.0,146500.0
2019-12-04,31200.0,174500.0,49450.0,77700.0,249500.0,122000.0,296500.0,144000.0
2019-12-05,29900.0,170500.0,49500.0,78800.0,245000.0,118000.0,293500.0,142000.0
2019-12-06,30700.0,174000.0,50400.0,80600.0,246500.0,118500.0,294500.0,141500.0
2019-12-07,NaN,NaN,NaN,NaN,NaN,NaN,NaN,NaN
2019-12-08,NaN,NaN,NaN,NaN,NaN,NaN,NaN,NaN
2019-12-09,30300.0,175000.0,51200.0,80700.0,252000.0,119500.0,295000.0,145500.0
2019-12-10,29900.0,174500.0,51500.0,80700.0,257000.0,120000.0,299000.0,145500.0
2019-12-11,30000.0,174000.0,51900.0,80600.0,256000.0,119000.0,300500.0,146000.0
2019-12-12,29900.0,175500.0,53300.0,83400.0,259500.0,120000.0,300500.0,147500.0
2019-12-13,30200.0,175500.0,54700.0,87900.0,260500.0,121000.0,303000.0,148500.0
2019-12-14,NaN,NaN,NaN,NaN,NaN,NaN,NaN,NaN
2019-12-15,NaN,NaN,NaN,NaN,NaN,NaN,NaN,NaN
2019-12-16,30300.0,179500.0,54700.0,88600.0,260500.0,119000.0,309000.0,148000.0
2019-12-17,30100.0,180500.0,56700.0,92800.0,263500.0,122000.0,305500.0,149000.0
2019-12-18,30200.0,178500.0,56300.0,93000.0,267000.0,123000.0,307000.0,149500.0
2019-12-19,30000.0,179000.0,56000.0,93600.0,261000.0,123500.0,309000.0,152000.0
2019-12-20,30000.0,183500.0,56000.0,95000.0,262000.0,124000.0,314500.0,153500.0
2019-12-21,NaN,NaN,NaN,NaN,NaN,NaN,NaN,NaN
2019-12-22,NaN,NaN,NaN,NaN,NaN,NaN,NaN,NaN
2019-12-23,29700.0,184000.0,55500.0,94600.0,260000.0,122500.0,313000.0,153500.0
2019-12-24,29300.0,182000.0,55000.0,93800.0,257500.0,122000.0,312500.0,154000.0
2019-12-25,NaN,NaN,NaN,NaN,NaN,NaN,NaN,NaN
2019-12-26,29600.0,180500.0,55400.0,94800.0,261000.0,122500.0,308000.0,155000.0
2019-12-27,30700.0,183500.0,56500.0,96000.0,257500.0,120500.0,310500.0,151000.0
2019-12-28,NaN,NaN,NaN,NaN,NaN,NaN,NaN,NaN
2019-12-29,NaN,NaN,NaN,NaN,NaN,NaN,NaN,NaN
2019-12-30,30700.0,186500.0,55800.0,94100.0,256000.0,120500.0,317500.0,150000.0
2019-12-31,NaN,NaN,NaN,NaN,NaN,NaN,NaN,NaN
2020-01-01,NaN,NaN,NaN,NaN,NaN,NaN,NaN,NaN
2020-01-02,30500.0,182500.0,55200.0,94700.0,247500.0,118000.0,314000.0,146500.0
2020-01-03,30500.0,181500.0,55500.0,94500.0,250000.0,116000.0,311000.0,149500.0
2020-01-04,NaN,NaN,NaN,NaN,NaN,NaN,NaN,NaN
2020-01-05,NaN,NaN,NaN,NaN,NaN,NaN,NaN,NaN
2020-01-06,30900.0,180500.0,55500.0,94300.0,249500.0,116000.0,307000.0,148000.0
2020-01-07,32000.0,187000.0,55800.0,94000.0,252500.0,115500.0,311000.0,144500.0
2020-01-08,31900.0,183000.0,56800.0,97400.0,245000.0,112000.0,302000.0,137000.0
2020-01-09,164000.0,186000.0,58600.0,99000.0,245000.0,111500.0,306500.0,137500.0
2020-01-10,33000.0,188000.0,59500.0,98900.0,244500.0,113500.0,325000.0,138000.0
2020-01-11,NaN,NaN,NaN,NaN,NaN,NaN,NaN,NaN
2020-01-12,NaN,NaN,NaN,NaN,NaN,NaN,NaN,NaN
2020-01-13,33400.0,188000.0,60000.0,100500.0,242000.0,115000.0,332500.0,138000.0
2020-01-14,33400.0,190500.0,60000.0,100500.0,244000.0,116000.0,333500.0,139500.0
2020-01-15,34000.0,191500.0,59000.0,98200.0,245000.0,115000.0,328500.0,137000.0
2020-01-16,34300.0,191500.0,60700.0,99200.0,249500.0,118500.0,329000.0,133000.0
2020-01-17,33700.0,191000.0,61300.0,99000.0,248000.0,118500.0,333000.0,133500.0
2020-01-18,NaN,NaN,NaN,NaN,NaN,NaN,NaN,NaN
2020-01-19,NaN,NaN,NaN,NaN,NaN,NaN,NaN,NaN
2020-01-20,33700.0,187500.0,62400.0,99900.0,246000.0,118000.0,354000.0,135500.0
2020-01-21,33000.0,182000.0,61400.0,99300.0,241000.0,117000.0,344500.0,134500.0
2020-01-22,33200.0,186000.0,62300.0,101000.0,245500.0,127000.0,351500.0,134500.0
2020-01-23,33100.0,183000.0,60800.0,98700.0,251500.0,130500.0,348500.0,130000.0
2020-01-24,NaN,NaN,NaN,NaN,NaN,NaN,NaN,NaN
2020-01-25,NaN,NaN,NaN,NaN,NaN,NaN,NaN,NaN
2020-01-26,NaN,NaN,NaN,NaN,NaN,NaN,NaN,NaN
2020-01-27,NaN,NaN,NaN,NaN,NaN,NaN,NaN,NaN
2020-01-28,32500.0,178500.0,58800.0,96300.0,245000.0,131000.0,336500.0,125000.0
2020-01-29,32700.0,180000.0,59100.0,97900.0,239500.0,131000.0,335000.0,125000.0
2020-01-30,32400.0,180000.0,57200.0,94000.0,237000.0,127500.0,343500.0,125000.0
2020-01-31,31800.0,179500.0,56400.0,93500.0,229500.0,125000.0,337500.0,130000.0
2020-02-01,NaN,NaN,NaN,NaN,NaN,NaN,NaN,NaN
2020-02-02,NaN,NaN,NaN,NaN,NaN,NaN,NaN,NaN
2020-02-03,31900.0,177500.0,57200.0,94700.0,228000.0,123500.0,350000.0,123500.0
2020-02-04,32900.0,180500.0,58900.0,97100.0,229500.0,124000.0,379500.0,128000.0
2020-02-05,32600.0,181500.0,59500.0,97700.0,227000.0,124000.0,382000.0,134000.0
2020-02-06,33200.0,181500.0,61100.0,100500.0,234000.0,132000.0,382000.0,136000.0
2020-02-07,33500.0,185000.0,60400.0,99300.0,231000.0,131000.0,386500.0,133500.0
2020-02-08,NaN,NaN,NaN,NaN,NaN,NaN,NaN,NaN
2020-02-09,NaN,NaN,NaN,NaN,NaN,NaN,NaN,NaN
2020-02-10,33800.0,183500.0,59700.0,98800.0,228500.0,130000.0,387000.0,136500.0
2020-02-11,34000.0,184500.0,59900.0,99800.0,237500.0,132500.0,413500.0,140500.0
2020-02-12,34400.0,185000.0,60500.0,100000.0,242500.0,136000.0,408000.0,140500.0
2020-02-13,35800.0,184500.0,60700.0,102000.0,239000.0,133000.0,411500.0,138500.0
2020-02-14,36000.0,186500.0,61800.0,104500.0,237000.0,133500.0,413500.0,137500.0
2020-02-15,NaN,NaN,NaN,NaN,NaN,NaN,NaN,NaN
2020-02-16,NaN,NaN,NaN,NaN,NaN,NaN,NaN,NaN
2020-02-17,36100.0,188500.0,61500.0,105000.0,239000.0,135500.0,419500.0,136500.0
2020-02-18,36400.0,186500.0,59800.0,102000.0,235500.0,132500.0,418000.0,136500.0
2020-02-19,38000.0,189500.0,60200.0,103500.0,235500.0,131500.0,404000.0,135000.0
2020-02-20,38100.0,190000.0,60000.0,104000.0,231000.0,130000.0,419000.0,133000.0
2020-02-21,37900.0,189500.0,59200.0,103000.0,228500.0,128000.0,407000.0,130500.0
2020-02-22,NaN,NaN,NaN,NaN,NaN,NaN,NaN,NaN
2020-02-23,NaN,NaN,NaN,NaN,NaN,NaN,NaN,NaN
2020-02-24,36700.0,184000.0,56800.0,99500.0,219000.0,122500.0,395000.0,123500.0
2020-02-25,37100.0,190500.0,57900.0,98000.0,220000.0,122500.0,399500.0,122500.0
2020-02-26,36800.0,187000.0,56500.0,94600.0,220000.0,122500.0,395000.0,120000.0
2020-02-27,35700.0,182000.0,55900.0,92800.0,219000.0,121000.0,388000.0,116500.0
2020-02-28,34400.0,174000.0,54200.0,87900.0,210000.0,115000.0,368000.0,113000.0
2020-02-29,NaN,NaN,NaN,NaN,NaN,NaN,NaN,NaN
2020-03-01,NaN,NaN,NaN,NaN,NaN,NaN,NaN,NaN
2020-03-02,35000.0,175000.0,55000.0,92100.0,207000.0,113500.0,377000.0,114000.0
2020-03-03,35000.0,175000.0,55400.0,92800.0,204500.0,112500.0,386500.0,114500.0
2020-03-04,35900.0,178500.0,57400.0,94300.0,209000.0,113000.0,392000.0,115000.0
2020-03-05,35900.0,181000.0,57800.0,94900.0,210500.0,114000.0,406000.0,113000.0
2020-03-06,35100.0,179500.0,56500.0,92600.0,203000.0,110500.0,400000.0,108000.0
2020-03-07,NaN,NaN,NaN,NaN,NaN,NaN,NaN,NaN
2020-03-08,NaN,NaN,NaN,NaN,NaN,NaN,NaN,NaN
2020-03-09,35100.0,179500.0,56500.0,92600.0,203000.0,110500.0,400000.0,108000.0
2020-03-10,34600.0,172000.0,54600.0,89100.0,189000.0,102000.0,373500.0,100500.0
2020-03-11,33800.0,170000.0,52100.0,85500.0,187500.0,100000.0,365000.0,98000.0
2020-03-12,32200.0,170000.0,52100.0,82800.0,187500.0,100000.0,365000.0,98000.0
2020-03-13,31800.0,166000.0,49950.0,82500.0,171500.0,87200.0,340500.0,86500.0
2020-03-14,NaN,NaN,NaN,NaN,NaN,NaN,NaN,NaN
2020-03-15,NaN,NaN,NaN,NaN,NaN,NaN,NaN,NaN
2020-03-16,29500.0,155000.0,48900.0,80600.0,161500.0,82900.0,312500.0,80200.0
2020-03-17,29500.0,151000.0,47300.0,80400.0,152500.0,80100.0,306500.0,77900.0
2020-03-18,28200.0,146000.0,45600.0,73100.0,141000.0,73500.0,280000.0,70900.0
2020-03-19,26800.0,144000.0,42950.0,69000.0,129000.0,65900.0,230000.0,57300.0
2020-03-20,29900.0,154000.0,45400.0,74800.0,140500.0,71100.0,272500.0,64800.0
2020-03-21,NaN,NaN,NaN,NaN,NaN,NaN,NaN,NaN
2020-03-22,NaN,NaN,NaN,NaN,NaN,NaN,NaN,NaN
2020-03-23,28700.0,143000.0,42500.0,69400.0,133500.0,68900.0,268000.0,60300.0
2020-03-24,30900.0,156000.0,46950.0,78700.0,144500.0,74800.0,288000.0,72000.0
2020-03-25,30900.0,156000.0,48650.0,84500.0,169500.0,84500.0,307500.0,90000.0
2020-03-26,30100.0,152500.0,47800.0,80700.0,167000.0,84900.0,299500.0,85000.0
2020-03-27,30500.0,164000.0,48300.0,83300.0,170000.0,86400.0,303500.0,87700.0
2020-03-28,NaN,NaN,NaN,NaN,NaN,NaN,NaN,NaN
2020-03-29,NaN,NaN,NaN,NaN,NaN,NaN,NaN,NaN
2020-03-30,30600.0,162500.0,47850.0,83700.0,164500.0,85400.0,303000.0,86100.0
2020-03-31,31100.0,170000.0,47750.0,83300.0,169500.0,88700.0,305000.0,87000.0
2020-04-01,30100.0,163000.0,45800.0,78400.0,166500.0,85400.0,292000.0,82500.0
2020-04-02,31400.0,173500.0,46800.0,80000.0,167000.0,86600.0,291000.0,90400.0
2020-04-03,31500.0,172000.0,47000.0,79600.0,165000.0,86300.0,290500.0,89700.0
2020-04-04,NaN,NaN,NaN,NaN,NaN,NaN,NaN,NaN
2020-04-05,NaN,NaN,NaN,NaN,NaN,NaN,NaN,NaN
2020-04-06,32100.0,173000.0,48700.0,83100.0,169500.0,88800.0,296500.0,94400.0
2020-04-07,32000.0,169500.0,49600.0,85800.0,172500.0,90400.0,309000.0,94300.0
2020-04-08,31600.0,166500.0,48600.0,84500.0,170000.0,90000.0,313000.0,93600.0
2020-04-09,31600.0,167500.0,49100.0,85000.0,178000.0,97100.0,324500.0,98000.0
2020-04-10,32200.0,166500.0,49250.0,84100.0,181000.0,99700.0,324000.0,100500.0
2020-04-11,NaN,NaN,NaN,NaN,NaN,NaN,NaN,NaN
2020-04-12,NaN,NaN,NaN,NaN,NaN,NaN,NaN,NaN
2020-04-13,31500.0,166000.0,48300.0,81400.0,174000.0,97800.0,315000.0,96300.0
2020-04-14,31900.0,168500.0,49000.0,82300.0,176500.0,100000.0,326500.0,97200.0
2020-04-15,NaN,NaN,NaN,NaN,NaN,NaN,NaN,NaN
2020-04-16,33100.0,170500.0,49000.0,81300.0,174500.0,99100.0,343000.0,96700.0
2020-04-17,34400.0,179000.0,51400.0,84100.0,179500.0,100500.0,362500.0,97700.0
2020-04-18,NaN,NaN,NaN,NaN,NaN,NaN,NaN,NaN
2020-04-19,NaN,NaN,NaN,NaN,NaN,NaN,NaN,NaN
2020-04-20,35000.0,180000.0,50100.0,82000.0,179500.0,97600.0,351500.0,99000.0
2020-04-21,35100.0,178500.0,49250.0,81300.0,176500.0,93500.0,354000.0,98500.0
2020-04-22,35400.0,182000.0,49850.0,83900.0,176500.0,92600.0,355000.0,96300.0
2020-04-23,37100.0,190000.0,49850.0,82600.0,177000.0,92400.0,361000.0,99400.0
2020-04-24,36600.0,192500.0,49350.0,81400.0,169000.0,90100.0,353500.0,97600.0
2020-04-25,NaN,NaN,NaN,NaN,NaN,NaN,NaN,NaN
2020-04-26,NaN,NaN,NaN,NaN,NaN,NaN,NaN,NaN
2020-04-27,36800.0,197500.0,49850.0,82600.0,167500.0,91600.0,353500.0,97600.0
2020-04-28,37000.0,198000.0,50100.0,83400.0,167500.0,93200.0,362500.0,96500.0
2020-04-29,36800.0,197500.0,50000.0,83700.0,172000.0,93600.0,376500.0,98300.0
2020-04-30,NaN,NaN,NaN,NaN,NaN,NaN,NaN,NaN
2020-05-01,NaN,NaN,NaN,NaN,NaN,NaN,NaN,NaN
2020-05-02,NaN,NaN,NaN,NaN,NaN,NaN,NaN,NaN
2020-05-03,NaN,NaN,NaN,NaN,NaN,NaN,NaN,NaN
2020-05-04,37300.0,199000.0,48500.0,81000.0,169500.0,91500.0,360000.0,96700.0
2020-05-05,NaN,NaN,NaN,NaN,NaN,NaN,NaN,NaN
2020-05-06,39900.0,212000.0,49200.0,82400.0,173000.0,93200.0,361000.0,100000.0
2020-05-07,41200.0,215500.0,48800.0,82400.0,170000.0,92600.0,354000.0,98700.0
2020-05-08,41200.0,214000.0,48800.0,85000.0,176000.0,94500.0,352500.0,98600.0
2020-05-09,NaN,NaN,NaN,NaN,NaN,NaN,NaN,NaN
2020-05-10,NaN,NaN,NaN,NaN,NaN,NaN,NaN,NaN
2020-05-11,41500.0,214500.0,48400.0,84500.0,172500.0,93700.0,346500.0,97500.0
2020-05-12,42900.0,219500.0,47900.0,85700.0,170000.0,91900.0,338000.0,95400.0
2020-05-13,43300.0,218500.0,48550.0,83600.0,170500.0,93100.0,352000.0,95500.0
2020-05-14,45000.0,219000.0,48000.0,80600.0,169500.0,92300.0,344500.0,93600.0
2020-05-15,44300.0,213000.0,47850.0,81900.0,172500.0,92300.0,346500.0,94400.0
2020-05-16,NaN,NaN,NaN,NaN,NaN,NaN,NaN,NaN
2020-05-17,NaN,NaN,NaN,NaN,NaN,NaN,NaN,NaN
2020-05-18,44200.0,215000.0,48800.0,81100.0,173000.0,91900.0,354000.0,96800.0
2020-05-19,44000.0,213500.0,50300.0,82700.0,186500.0,99100.0,357000.0,103500.0
2020-05-20,46300.0,222000.0,50000.0,84100.0,185000.0,97300.0,362500.0,103500.0
2020-05-21,47500.0,225000.0,49950.0,83400.0,187000.0,97200.0,377500.0,106500.0
2020-05-22,49400.0,230500.0,48750.0,81300.0,184000.0,94500.0,377000.0,103500.0
2020-05-23,NaN,NaN,NaN,NaN,NaN,NaN,NaN,NaN
2020-05-24,NaN,NaN,NaN,NaN,NaN,NaN,NaN,NaN
2020-05-25,53600.0,241000.0,48850.0,81400.0,186500.0,96000.0,389500.0,106000.0
2020-05-26,54000.0,239000.0,49250.0,81900.0,195000.0,97800.0,414000.0,121000.0
2020-05-27,52100.0,228500.0,49900.0,81400.0,193000.0,98100.0,395500.0,122500.0
2020-05-28,53400.0,240500.0,50400.0,83900.0,190500.0,97200.0,388500.0,118000.0
2020-05-29,52700.0,226000.0,50700.0,81500.0,198000.0,98000.0,390500.0,118500.0
2020-05-30,NaN,NaN,NaN,NaN,NaN,NaN,NaN,NaN
2020-05-31,NaN,NaN,NaN,NaN,NaN,NaN,NaN,NaN
2020-06-01,52800.0,237000.0,51200.0,83600.0,206000.0,100000.0,396000.0,124000.0
2020-06-02,51900.0,234000.0,51400.0,83300.0,214000.0,102500.0,395000.0,124000.0
2020-06-03,49900.0,225500.0,54500.0,88700.0,224000.0,108500.0,400500.0,127500.0
2020-06-04,50800.0,232500.0,54600.0,87700.0,217500.0,108500.0,417500.0,125500.0
2020-06-05,50200.0,231000.0,55500.0,90400.0,219000.0,111000.0,434000.0,126500.0
2020-06-06,NaN,NaN,NaN,NaN,NaN,NaN,NaN,NaN
2020-06-07,NaN,NaN,NaN,NaN,NaN,NaN,NaN,NaN
2020-06-08,51300.0,240500.0,54900.0,91000.0,217500.0,113000.0,434000.0,126500.0
2020-06-09,50900.0,237500.0,55500.0,89800.0,214500.0,112000.0,432500.0,125500.0
2020-06-10,52400.0,244000.0,55400.0,90800.0,211000.0,111500.0,440000.0,124500.0
2020-06-11,53000.0,240500.0,54300.0,88500.0,206000.0,108500.0,463000.0,120500.0
2020-06-12,53200.0,242000.0,52300.0,85200.0,206000.0,103500.0,462000.0,115000.0
2020-06-13,NaN,NaN,NaN,NaN,NaN,NaN,NaN,NaN
2020-06-14,NaN,NaN,NaN,NaN,NaN,NaN,NaN,NaN
2020-06-15,50500.0,231500.0,49900.0,82000.0,187000.0,97000.0,428000.0,106500.0
2020-06-16,52600.0,243500.0,52100.0,85400.0,195000.0,101500.0,487500.0,116500.0
2020-06-17,52600.0,251000.0,52200.0,86800.0,190000.0,100500.0,491500.0,126000.0
2020-06-18,52700.0,247500.0,52300.0,86200.0,188000.0,100000.0,491000.0,126000.0
2020-06-19,52700.0,249500.0,52900.0,85400.0,185500.0,100000.0,512000.0,126000.0
2020-06-20,NaN,NaN,NaN,NaN,NaN,NaN,NaN,NaN
2020-06-21,NaN,NaN,NaN,NaN,NaN,NaN,NaN,NaN
2020-06-22,54800.0,270000.0,52000.0,84900.0,184000.0,98500.0,506000.0,125500.0
2020-06-23,56300.0,276000.0,51400.0,84100.0,193000.0,98700.0,504000.0,128000.0
2020-06-24,56500.0,279000.0,52900.0,86000.0,205000.0,103000.0,516000.0,136500.0
2020-06-25,54900.0,269500.0,51900.0,84300.0,194000.0,99400.0,499000.0,134000.0
2020-06-26,54900.0,269000.0,53300.0,84600.0,198500.0,100000.0,501000.0,136000.0
2020-06-27,NaN,NaN,NaN,NaN,NaN,NaN,NaN,NaN
2020-06-28,NaN,NaN,NaN,NaN,NaN,NaN,NaN,NaN
2020-06-29,53500.0,264000.0,52400.0,83600.0,192000.0,97700.0,489500.0,130000.0
2020-06-30,53500.0,267000.0,52800.0,85100.0,192000.0,97700.0,490500.0,131000.0
2020-07-01,53900.0,269000.0,52600.0,85300.0,194000.0,98200.0,491500.0,129000.0
2020-07-02,57100.0,277000.0,52900.0,84400.0,194500.0,99000.0,496000.0,131500.0
2020-07-03,58800.0,277500.0,53600.0,85400.0,195500.0,99200.0,507000.0,132000.0
2020-07-04,NaN,NaN,NaN,NaN,NaN,NaN,NaN,NaN
2020-07-05,NaN,NaN,NaN,NaN,NaN,NaN,NaN,NaN
2020-07-06,60100.0,281500.0,55000.0,86000.0,204500.0,101500.0,509000.0,135500.0
2020-07-07,62100.0,279500.0,53400.0,84800.0,201000.0,99200.0,516000.0,133500.0
2020-07-08,65600.0,282500.0,53000.0,83700.0,199000.0,99600.0,513000.0,134000.0
2020-07-09,71100.0,287500.0,52800.0,83000.0,197500.0,99600.0,539000.0,134500.0
2020-07-10,71100.0,299000.0,52700.0,82800.0,192500.0,98300.0,529000.0,130500.0
2020-07-11,NaN,NaN,NaN,NaN,NaN,NaN,NaN,NaN
2020-07-12,NaN,NaN,NaN,NaN,NaN,NaN,NaN,NaN
2020-07-13,70400.0,297000.0,53400.0,83000.0,204500.0,101500.0,547000.0,131000.0
2020-07-14,68600.0,287000.0,53800.0,82900.0,210000.0,101500.0,534000.0,128000.0
2020-07-15,67500.0,286500.0,54700.0,83000.0,215500.0,109000.0,544000.0,123500.0
2020-07-16,64400.0,273000.0,53800.0,82700.0,213000.0,110000.0,523000.0,124500.0
2020-07-17,65000.0,276000.0,54400.0,82900.0,220500.0,117500.0,516000.0,124500.0
2020-07-18,NaN,NaN,NaN,NaN,NaN,NaN,NaN,NaN
2020-07-19,NaN,NaN,NaN,NaN,NaN,NaN,NaN,NaN
2020-07-20,62000.0,263000.0,54200.0,82200.0,224000.0,121500.0,511000.0,122500.0
2020-07-21,63200.0,270000.0,55300.0,84100.0,217000.0,121500.0,531000.0,125000.0
2020-07-22,63600.0,270000.0,54700.0,83200.0,211000.0,118500.0,527000.0,135000.0
2020-07-23,65900.0,284000.0,54100.0,82400.0,211500.0,124500.0,532000.0,132000.0
2020-07-24,64900.0,281000.0,54200.0,83700.0,203500.0,122500.0,516000.0,132000.0
2020-07-25,NaN,NaN,NaN,NaN,NaN,NaN,NaN,NaN
2020-07-26,NaN,NaN,NaN,NaN,NaN,NaN,NaN,NaN
2020-07-27,65300.0,284500.0,55600.0,82800.0,203500.0,123500.0,517000.0,131000.0
2020-07-28,65900.0,288000.0,58600.0,83100.0,204000.0,123000.0,528000.0,133000.0
2020-07-29,66300.0,292000.0,59000.0,83200.0,212000.0,125000.0,527000.0,131000.0
2020-07-30,66400.0,294000.0,59000.0,85300.0,213000.0,127500.0,530000.0,127500.0
2020-07-31,68700.0,301000.0,57900.0,82800.0,205500.0,126500.0,568000.0,127000.0
2020-08-01,NaN,NaN,NaN,NaN,NaN,NaN,NaN,NaN
2020-08-02,NaN,NaN,NaN,NaN,NaN,NaN,NaN,NaN
2020-08-03,73200.0,314500.0,56800.0,81800.0,206000.0,127000.0,635000.0,129500.0
2020-08-04,74000.0,311000.0,57300.0,81600.0,208000.0,132500.0,642000.0,132000.0
2020-08-05,74100.0,313500.0,56900.0,80700.0,212500.0,134000.0,670000.0,159000.0
2020-08-06,72800.0,322000.0,58000.0,81100.0,222500.0,144500.0,680000.0,163500.0
2020-08-07,70600.0,314000.0,57500.0,80600.0,223500.0,147000.0,746000.0,184000.0
2020-08-08,NaN,NaN,NaN,NaN,NaN,NaN,NaN,NaN
2020-08-09,NaN,NaN,NaN,NaN,NaN,NaN,NaN,NaN
2020-08-10,71200.0,313500.0,57800.0,81400.0,238000.0,170000.0,720000.0,186000.0
2020-08-11,70500.0,311500.0,58200.0,81300.0,239000.0,179000.0,758000.0,187000.0
2020-08-12,70800.0,305000.0,59000.0,81000.0,229500.0,172000.0,741000.0,182500.0
2020-08-13,72100.0,307000.0,58700.0,80700.0,228000.0,170000.0,737000.0,182000.0
2020-08-14,72500.0,305000.0,58000.0,80200.0,224000.0,167000.0,700000.0,172000.0
2020-08-15,NaN,NaN,NaN,NaN,NaN,NaN,NaN,NaN
2020-08-16,NaN,NaN,NaN,NaN,NaN,NaN,NaN,NaN
2020-08-17,NaN,NaN,NaN,NaN,NaN,NaN,NaN,NaN
2020-08-18,75600.0,307500.0,58400.0,78100.0,214500.0,158000.0,690000.0,160500.0
2020-08-19,75300.0,315000.0,57800.0,75000.0,217000.0,164500.0,683000.0,164000.0
2020-08-20,72900.0,305500.0,55400.0,71800.0,204500.0,155000.0,667000.0,155000.0
2020-08-21,74000.0,312500.0,55900.0,74500.0,211000.0,156000.0,699000.0,155000.0
2020-08-22,NaN,NaN,NaN,NaN,NaN,NaN,NaN,NaN
2020-08-23,NaN,NaN,NaN,NaN,NaN,NaN,NaN,NaN
2020-08-24,76000.0,320000.0,56100.0,75500.0,217000.0,161500.0,702000.0,152500.0
2020-08-25,76200.0,325000.0,56400.0,77000.0,219500.0,166000.0,713000.0,163500.0
2020-08-26,78400.0,334000.0,56400.0,78800.0,223500.0,167500.0,757000.0,164000.0
2020-08-27,82100.0,337000.0,55600.0,79100.0,217000.0,163500.0,762000.0,155500.0
2020-08-28,81100.0,333000.0,55400.0,77800.0,226000.0,172000.0,759000.0,157000.0
2020-08-29,NaN,NaN,NaN,NaN,NaN,NaN,NaN,NaN
2020-08-30,NaN,NaN,NaN,NaN,NaN,NaN,NaN,NaN
2020-08-31,81400.0,322500.0,54000.0,75100.0,224000.0,176500.0,740000.0,145000.0
2020-09-01,80300.0,324500.0,54200.0,75200.0,238500.0,180000.0,743000.0,148500.0
2020-09-02,82400.0,332500.0,54400.0,75500.0,235500.0,176000.0,742000.0,148000.0
2020-09-03,82000.0,339000.0,56400.0,78700.0,233500.0,176500.0,768000.0,151000.0
2020-09-04,80400.0,328500.0,55600.0,78700.0,230000.0,172500.0,743000.0,154000.0
2020-09-05,NaN,NaN,NaN,NaN,NaN,NaN,NaN,NaN
2020-09-06,NaN,NaN,NaN,NaN,NaN,NaN,NaN,NaN
2020-09-07,78400.0,314500.0,56500.0,78400.0,225500.0,170000.0,720000.0,149500.0
2020-09-08,78000.0,311000.0,58700.0,79400.0,225500.0,168000.0,709000.0,148000.0
2020-09-09,76800.0,304500.0,58400.0,77300.0,223500.0,167500.0,699000.0,146000.0
2020-09-10,77100.0,307500.0,59200.0,76600.0,224000.0,169000.0,713000.0,158000.0
2020-09-11,75800.0,306000.0,59000.0,78400.0,226000.0,171500.0,705000.0,154000.0
2020-09-12,NaN,NaN,NaN,NaN,NaN,NaN,NaN,NaN
2020-09-13,NaN,NaN,NaN,NaN,NaN,NaN,NaN,NaN
2020-09-14,74700.0,303000.0,60400.0,80000.0,232500.0,180000.0,712000.0,157000.0
2020-09-15,76200.0,312000.0,61000.0,81900.0,234000.0,179000.0,726000.0,159500.0
2020-09-16,75400.0,307000.0,61000.0,81500.0,242500.0,183500.0,687000.0,156500.0
2020-09-17,74200.0,300500.0,59500.0,82200.0,242000.0,184000.0,645000.0,156000.0
2020-09-18,74600.0,298000.0,59300.0,83700.0,240000.0,181000.0,666000.0,153000.0
2020-09-19,NaN,NaN,NaN,NaN,NaN,NaN,NaN,NaN
2020-09-20,NaN,NaN,NaN,NaN,NaN,NaN,NaN,NaN
2020-09-21,72900.0,292000.0,59200.0,84500.0,242500.0,185000.0,627000.0,157500.0
2020-09-22,70600.0,284500.0,58200.0,81300.0,234000.0,179500.0,639000.0,151000.0
2020-09-23,73100.0,296500.0,58600.0,83600.0,228000.0,179500.0,630000.0,148000.0
2020-09-24,70400.0,294000.0,57800.0,84300.0,221000.0,171500.0,611000.0,138500.0
2020-09-25,70300.0,295000.0,57900.0,82900.0,222000.0,170000.0,627000.0,140500.0
2020-09-26,NaN,NaN,NaN,NaN,NaN,NaN,NaN,NaN
2020-09-27,NaN,NaN,NaN,NaN,NaN,NaN,NaN,NaN
2020-09-28,73800.0,298500.0,58200.0,82500.0,225000.0,175500.0,626000.0,138000.0
2020-09-29,72900.0,296500.0,58200.0,84000.0,230000.0,178500.0,654000.0,139000.0
2020-09-30,NaN,NaN,NaN,NaN,NaN,NaN,NaN,NaN
2020-10-01,NaN,NaN,NaN,NaN,NaN,NaN,NaN,NaN
2020-10-02,NaN,NaN,NaN,NaN,NaN,NaN,NaN,NaN
2020-10-03,NaN,NaN,NaN,NaN,NaN,NaN,NaN,NaN
2020-10-04,NaN,NaN,NaN,NaN,NaN,NaN,NaN,NaN
2020-10-05,74100.0,298500.0,58700.0,83200.0,236000.0,187000.0,659000.0,141000.0
2020-10-06,76300.0,305000.0,59000.0,83000.0,233500.0,182500.0,674000.0,141000.0
2020-10-07,76100.0,305000.0,59900.0,83400.0,235000.0,183000.0,680000.0,143000.0
2020-10-08,75800.0,301000.0,59700.0,82900.0,229000.0,180500.0,692000.0,144500.0
2020-10-09,NaN,NaN,NaN,NaN,NaN,NaN,NaN,NaN
2020-10-10,NaN,NaN,NaN,NaN,NaN,NaN,NaN,NaN
2020-10-11,NaN,NaN,NaN,NaN,NaN,NaN,NaN,NaN
2020-10-12,74300.0,292000.0,60400.0,85500.0,227000.0,180000.0,672000.0,148500.0
2020-10-13,74400.0,295000.0,60900.0,88200.0,235500.0,179000.0,644000.0,145500.0
2020-10-14,73700.0,298500.0,60900.0,86500.0,231500.0,178000.0,628000.0,142500.0
2020-10-15,72400.0,292500.0,60000.0,87100.0,234500.0,176000.0,637000.0,141000.0
2020-10-16,71500.0,293500.0,59500.0,85300.0,229000.0,172000.0,640000.0,139000.0
2020-10-17,NaN,NaN,NaN,NaN,NaN,NaN,NaN,NaN
2020-10-18,NaN,NaN,NaN,NaN,NaN,NaN,NaN,NaN
2020-10-19,70600.0,286000.0,60000.0,86700.0,222500.0,168000.0,615000.0,136500.0
2020-10-20,70500.0,290000.0,60900.0,85200.0,237500.0,167500.0,621000.0,140500.0
2020-10-21,70700.0,297500.0,60900.0,83800.0,231500.0,165500.0,617000.0,138500.0
2020-10-22,69800.0,293000.0,60100.0,83300.0,234000.0,162500.0,639000.0,136500.0
2020-10-23,68000.0,286500.0,60200.0,83900.0,234500.0,167000.0,650000.0,136500.0
2020-10-24,NaN,NaN,NaN,NaN,NaN,NaN,NaN,NaN
2020-10-25,NaN,NaN,NaN,NaN,NaN,NaN,NaN,NaN
2020-10-26,65900.0,281500.0,60400.0,83200.0,243500.0,171500.0,646000.0,131500.0
2020-10-27,66800.0,283500.0,59800.0,82600.0,244500.0,172500.0,632000.0,131500.0
2020-10-28,69300.0,298500.0,59000.0,82900.0,252500.0,173500.0,642000.0,131500.0
2020-10-29,68600.0,298500.0,58100.0,81700.0,238000.0,170000.0,651000.0,129500.0
2020-10-30,66000.0,290000.0,56600.0,79900.0,225500.0,164500.0,611000.0,125500.0
2020-10-31,NaN,NaN,NaN,NaN,NaN,NaN,NaN,NaN
2020-11-01,NaN,NaN,NaN,NaN,NaN,NaN,NaN,NaN
2020-11-02,66900.0,285500.0,57400.0,79600.0,226500.0,170500.0,623000.0,122500.0
2020-11-03,67300.0,283000.0,58800.0,81400.0,226000.0,170500.0,656000.0,131500.0
2020-11-04,71900.0,298500.0,58500.0,83200.0,226500.0,171500.0,650000.0,132000.0
2020-11-05,72600.0,299000.0,60300.0,86100.0,233000.0,175000.0,677000.0,138000.0
2020-11-06,74100.0,301000.0,60100.0,86300.0,229500.0,170500.0,720000.0,141500.0
2020-11-07,NaN,NaN,NaN,NaN,NaN,NaN,NaN,NaN
2020-11-08,NaN,NaN,NaN,NaN,NaN,NaN,NaN,NaN
2020-11-09,74300.0,298000.0,60200.0,86000.0,232500.0,172500.0,734000.0,157000.0
2020-11-10,71200.0,283000.0,60200.0,86500.0,241000.0,173500.0,702000.0,160000.0
2020-11-11,71100.0,280000.0,61300.0,87000.0,243000.0,175500.0,692000.0,155000.0
2020-11-12,71500.0,279000.0,61000.0,88100.0,239500.0,174000.0,692000.0,158500.0
2020-11-13,73100.0,281000.0,63200.0,89700.0,240000.0,177500.0,705000.0,156000.0
2020-11-14,NaN,NaN,NaN,NaN,NaN,NaN,NaN,NaN
2020-11-15,NaN,NaN,NaN,NaN,NaN,NaN,NaN,NaN
2020-11-16,72400.0,278000.0,66300.0,98000.0,245000.0,179000.0,677000.0,155500.0
2020-11-17,72400.0,275000.0,65700.0,98100.0,242500.0,182500.0,686000.0,160000.0
2020-11-18,73100.0,281000.0,64800.0,98000.0,245000.0,179500.0,709000.0,156500.0
2020-11-19,73100.0,280500.0,64600.0,98200.0,243000.0,180000.0,721000.0,154000.0
2020-11-20,73100.0,281000.0,64700.0,96800.0,240500.0,177000.0,724000.0,154000.0
2020-11-21,NaN,NaN,NaN,NaN,NaN,NaN,NaN,NaN
2020-11-22,NaN,NaN,NaN,NaN,NaN,NaN,NaN,NaN
2020-11-23,73400.0,281500.0,67500.0,100000.0,247500.0,179000.0,748000.0,154000.0
2020-11-24,74600.0,282500.0,67700.0,98600.0,246500.0,181000.0,799000.0,160000.0
2020-11-25,73400.0,278500.0,66600.0,97200.0,247500.0,179500.0,788000.0,163500.0
2020-11-26,74800.0,285500.0,68000.0,99400.0,245500.0,179000.0,816000.0,175000.0
2020-11-27,74600.0,284500.0,68200.0,98800.0,248500.0,181000.0,810000.0,179500.0
2020-11-28,NaN,NaN,NaN,NaN,NaN,NaN,NaN,NaN
2020-11-29,NaN,NaN,NaN,NaN,NaN,NaN,NaN,NaN
2020-11-30,73600.0,277500.0,66700.0,97500.0,244000.0,181500.0,800000.0,173000.0
2020-12-01,74900.0,285500.0,67800.0,100500.0,242500.0,183500.0,809000.0,182500.0
2020-12-02,74600.0,283500.0,69500.0,109000.0,240500.0,182500.0,841000.0,182500.0
2020-12-03,74800.0,287000.0,69700.0,111500.0,245500.0,196500.0,846000.0,180000.0
2020-12-04,77900.0,294000.0,71500.0,115000.0,246500.0,196500.0,846000.0,177500.0
2020-12-05,NaN,NaN,NaN,NaN,NaN,NaN,NaN,NaN
2020-12-06,NaN,NaN,NaN,NaN,NaN,NaN,NaN,NaN
2020-12-07,77000.0,289500.0,72900.0,118000.0,242500.0,193500.0,816000.0,178500.0
2020-12-08,74900.0,285000.0,71700.0,115000.0,242000.0,186500.0,811000.0,176000.0
2020-12-09,75000.0,288000.0,73900.0,120500.0,241500.0,191500.0,836000.0,185000.0
2020-12-10,74100.0,286000.0,72900.0,116500.0,243500.0,191500.0,817000.0,190500.0
2020-12-11,74900.0,290000.0,73400.0,115500.0,243000.0,190000.0,808000.0,188000.0
2020-12-12,NaN,NaN,NaN,NaN,NaN,NaN,NaN,NaN
2020-12-13,NaN,NaN,NaN,NaN,NaN,NaN,NaN,NaN
2020-12-14,74700.0,286000.0,73800.0,117000.0,258000.0,189000.0,793000.0,183000.0
2020-12-15,74200.0,283000.0,73800.0,117500.0,259000.0,188500.0,801000.0,184500.0
2020-12-16,74400.0,285500.0,73800.0,117500.0,255000.0,190000.0,819000.0,189000.0
2020-12-17,73800.0,285000.0,73300.0,119500.0,249000.0,190500.0,830000.0,192000.0
2020-12-18,73400.0,282500.0,73000.0,118500.0,250000.0,189000.0,814000.0,188500.0
2020-12-19,NaN,NaN,NaN,NaN,NaN,NaN,NaN,NaN
2020-12-20,NaN,NaN,NaN,NaN,NaN,NaN,NaN,NaN
2020-12-21,75900.0,284000.0,73000.0,116000.0,249000.0,187000.0,815000.0,187500.0
2020-12-22,75200.0,284000.0,72300.0,112500.0,244000.0,184000.0,797000.0,182000.0
2020-12-23,75500.0,284000.0,73900.0,116000.0,251000.0,185000.0,806000.0,180500.0
2020-12-24,74800.0,282000.0,77800.0,118000.0,251000.0,187000.0,818000.0,180500.0
2020-12-25,NaN,NaN,NaN,NaN,NaN,NaN,NaN,NaN
2020-12-26,NaN,NaN,NaN,NaN,NaN,NaN,NaN,NaN
2020-12-27,NaN,NaN,NaN,NaN,NaN,NaN,NaN,NaN
2020-12-28,74600.0,281000.0,78700.0,115500.0,250000.0,189500.0,814000.0,178000.0
2020-12-29,76900.0,283000.0,78300.0,116000.0,251000.0,190500.0,813000.0,183000.0
2020-12-30,77900.0,292500.0,81000.0,118500.0,255500.0,192000.0,824000.0,190000.0
2020-12-31,NaN,NaN,NaN,NaN,NaN,NaN,NaN,NaN
2021-01-01,NaN,NaN,NaN,NaN,NaN,NaN,NaN,NaN
2021-01-02,NaN,NaN,NaN,NaN,NaN,NaN,NaN,NaN
2021-01-03,NaN,NaN,NaN,NaN,NaN,NaN,NaN,NaN
2021-01-04,79200.0,293000.0,83000.0,126000.0,287000.0,207500.0,889000.0,231000.0
2021-01-05,78600.0,292500.0,83900.0,130500.0,291000.0,209500.0,893000.0,244000.0
2021-01-06,79100.0,290000.0,82200.0,131000.0,283500.0,203000.0,890000.0,257000.0
2021-01-07,80500.0,289500.0,82900.0,134500.0,304500.0,206000.0,962000.0,263000.0
2021-01-08,86800.0,312000.0,88800.0,138000.0,359500.0,246000.0,999000.0,283000.0
2021-01-09,NaN,NaN,NaN,NaN,NaN,NaN,NaN,NaN
2021-01-10,NaN,NaN,NaN,NaN,NaN,NaN,NaN,NaN
2021-01-11,90600.0,309000.0,91000.0,133000.0,352500.0,267500.0,998000.0,294000.0
2021-01-12,91500.0,304000.0,90600.0,129000.0,332000.0,261000.0,962000.0,284500.0
2021-01-13,90900.0,314000.0,89700.0,133000.0,339500.0,259000.0,1000000.0,281000.0
2021-01-14,90300.0,318000.0,89700.0,130500.0,327000.0,250500.0,1010000.0,262000.0
2021-01-15,87500.0,306000.0,88000.0,127500.0,321500.0,240000.0,979000.0,262500.0
2021-01-16,NaN,NaN,NaN,NaN,NaN,NaN,NaN,NaN
2021-01-17,NaN,NaN,NaN,NaN,NaN,NaN,NaN,NaN
2021-01-18,85500.0,300500.0,85000.0,130000.0,323500.0,241000.0,964000.0,252500.0
2021-01-19,88000.0,308000.0,87000.0,130500.0,345000.0,261500.0,997000.0,270000.0
2021-01-20,88800.0,308000.0,87200.0,130500.0,342000.0,259000.0,1000000.0,274500.0
2021-01-21,90800.0,322500.0,88100.0,131500.0,361000.0,264500.0,988000.0,276000.0
2021-01-22,92600.0,343500.0,86800.0,128500.0,350000.0,257000.0,975000.0,278000.0
2021-01-23,NaN,NaN,NaN,NaN,NaN,NaN,NaN,NaN
2021-01-24,NaN,NaN,NaN,NaN,NaN,NaN,NaN,NaN
2021-01-25,94700.0,349000.0,89400.0,135000.0,347500.0,260000.0,990000.0,286500.0
2021-01-26,92200.0,342000.0,86700.0,129000.0,338000.0,251500.0,955000.0,287500.0
2021-01-27,93000.0,341500.0,85600.0,128500.0,328500.0,245500.0,928000.0,281000.0
2021-01-28,91600.0,355000.0,83700.0,123000.0,331000.0,238500.0,938000.0,276500.0
2021-01-29,88200.0,343000.0,82000.0,122500.0,317500.0,229000.0,917000.0,280000.0
2021-01-30,NaN,NaN,NaN,NaN,NaN,NaN,NaN,NaN
2021-01-31,NaN,NaN,NaN,NaN,NaN,NaN,NaN,NaN
2021-02-01,88300.0,348000.0,83000.0,125000.0,335500.0,238500.0,950000.0,316000.0
2021-02-02,89100.0,362500.0,84400.0,130000.0,334500.0,240500.0,965000.0,317500.0
2021-02-03,92400.0,370500.0,84600.0,130000.0,347500.0,245500.0,999000.0,316000.0
2021-02-04,90900.0,358000.0,82500.0,125000.0,358000.0,248500.0,1000000.0,317000.0
2021-02-05,91000.0,362500.0,83500.0,127500.0,352500.0,249500.0,1028000.0,304000.0
2021-02-06,NaN,NaN,NaN,NaN,NaN,NaN,NaN,NaN
2021-02-07,NaN,NaN,NaN,NaN,NaN,NaN,NaN,NaN
2021-02-08,91400.0,357500.0,83000.0,125000.0,322000.0,234000.0,990000.0,281500.0
2021-02-09,92200.0,358500.0,82700.0,125500.0,325500.0,236500.0,973000.0,288000.0
2021-02-10,97900.0,366500.0,81600.0,126000.0,331500.0,245000.0,960000.0,296500.0
2021-02-11,NaN,NaN,NaN,NaN,NaN,NaN,NaN,NaN
2021-02-12,NaN,NaN,NaN,NaN,NaN,NaN,NaN,NaN
2021-02-13,NaN,NaN,NaN,NaN,NaN,NaN,NaN,NaN
2021-02-14,NaN,NaN,NaN,NaN,NaN,NaN,NaN,NaN
2021-02-15,100400.0,385500.0,84200.0,132000.0,333000.0,247500.0,990000.0,284000.0
2021-02-16,102800.0,394000.0,84900.0,132500.0,334000.0,247500.0,978000.0,284500.0
2021-02-17,101800.0,392000.0,83200.0,130000.0,325500.0,243500.0,957000.0,297000.0
2021-02-18,100200.0,388000.0,82100.0,126000.0,318000.0,235500.0,939000.0,296000.0
2021-02-19,100800.0,398000.0,82600.0,133000.0,321500.0,242000.0,941000.0,296000.0
2021-02-20,NaN,NaN,NaN,NaN,NaN,NaN,NaN,NaN
2021-02-21,NaN,NaN,NaN,NaN,NaN,NaN,NaN,NaN
2021-02-22,98100.0,386500.0,82200.0,136500.0,323000.0,241500.0,916000.0,284000.0
2021-02-23,97400.0,390500.0,82000.0,138500.0,325000.0,244500.0,885000.0,284500.0
2021-02-24,94700.0,374000.0,82000.0,136000.0,310000.0,235000.0,860000.0,266500.0
2021-02-25,96900.0,383000.0,85300.0,148500.0,314500.0,245000.0,890000.0,270000.0
2021-02-26,97600.0,375000.0,82500.0,141500.0,303000.0,237000.0,831000.0,260500.0
2021-02-27,NaN,NaN,NaN,NaN,NaN,NaN,NaN,NaN
2021-02-28,NaN,NaN,NaN,NaN,NaN,NaN,NaN,NaN
2021-03-01,NaN,NaN,NaN,NaN,NaN,NaN,NaN,NaN
2021-03-02,98300.0,377500.0,83600.0,144500.0,308500.0,239000.0,891000.0,265000.0
2021-03-03,98700.0,399500.0,84000.0,147000.0,313500.0,240000.0,870000.0,266000.0
2021-03-04,96400.0,391500.0,82400.0,142000.0,310500.0,235000.0,865000.0,264000.0
2021-03-05,94200.0,377500.0,82100.0,140000.0,305000.0,235000.0,904000.0,252000.0
2021-03-06,NaN,NaN,NaN,NaN,NaN,NaN,NaN,NaN
2021-03-07,NaN,NaN,NaN,NaN,NaN,NaN,NaN,NaN
2021-03-08,90800.0,368500.0,82000.0,135500.0,301500.0,230500.0,890000.0,239500.0
2021-03-09,88200.0,361500.0,81400.0,136500.0,296500.0,231500.0,861000.0,230000.0
2021-03-10,92000.0,372000.0,80900.0,133000.0,290000.0,227500.0,891000.0,226000.0
2021-03-11,95800.0,373500.0,82000.0,137000.0,294000.0,228500.0,939000.0,241500.0
2021-03-12,96200.0,380500.0,82800.0,140000.0,303500.0,232500.0,944000.0,242500.0
2021-03-13,NaN,NaN,NaN,NaN,NaN,NaN,NaN,NaN
2021-03-14,NaN,NaN,NaN,NaN,NaN,NaN,NaN,NaN
2021-03-15,95800.0,383000.0,81800.0,136500.0,302000.0,232000.0,966000.0,228500.0
2021-03-16,95800.0,385500.0,82800.0,140500.0,303500.0,234000.0,891000.0,215500.0
2021-03-17,97000.0,383500.0,82300.0,140000.0,296000.0,232000.0,857000.0,216000.0
2021-03-18,99600.0,403500.0,82900.0,142000.0,298500.0,234000.0,861000.0,214500.0
2021-03-19,98500.0,402000.0,81900.0,138000.0,300000.0,229500.0,830000.0,211500.0
2021-03-20,NaN,NaN,NaN,NaN,NaN,NaN,NaN,NaN
2021-03-21,NaN,NaN,NaN,NaN,NaN,NaN,NaN,NaN
2021-03-22,98800.0,396500.0,82000.0,138000.0,292000.0,229000.0,805000.0,204500.0
2021-03-23,98100.0,386000.0,81800.0,135000.0,286500.0,226500.0,775000.0,202000.0
2021-03-24,98400.0,387000.0,81000.0,133500.0,283000.0,221000.0,784000.0,204500.0
2021-03-25,97000.0,380000.0,81200.0,133000.0,284500.0,218000.0,788000.0,207500.0
2021-03-26,99000.0,383000.0,81500.0,135000.0,283500.0,215500.0,802000.0,209000.0
2021-03-27,NaN,NaN,NaN,NaN,NaN,NaN,NaN,NaN
2021-03-28,NaN,NaN,NaN,NaN,NaN,NaN,NaN,NaN
2021-03-29,97500.0,372000.0,81600.0,132000.0,284000.0,215500.0,799000.0,205000.0
2021-03-30,98700.0,376500.0,82200.0,134500.0,298500.0,219500.0,808000.0,223000.0
2021-03-31,99600.0,377000.0,81400.0,132500.0,292000.0,218000.0,805000.0,219000.0
2021-04-01,99800.0,378500.0,82900.0,140500.0,294500.0,219000.0,819000.0,241500.0
2021-04-02,100200.0,379500.0,84800.0,141000.0,306000.0,233500.0,828000.0,241500.0
2021-04-03,NaN,NaN,NaN,NaN,NaN,NaN,NaN,NaN
2021-04-04,NaN,NaN,NaN,NaN,NaN,NaN,NaN,NaN
2021-04-05,100400.0,377000.0,85400.0,143000.0,304000.0,234000.0,817000.0,232500.0
2021-04-06,108800.0,388500.0,86000.0,143000.0,297000.0,230000.0,812000.0,228500.0
2021-04-07,108400.0,384500.0,85600.0,143500.0,300500.0,230000.0,811000.0,232500.0
2021-04-08,109600.0,381500.0,84700.0,144000.0,317500.0,231500.0,810000.0,243500.0
2021-04-09,111600.0,383500.0,83600.0,140000.0,305500.0,228500.0,812000.0,238000.0
2021-04-10,NaN,NaN,NaN,NaN,NaN,NaN,NaN,NaN
2021-04-11,NaN,NaN,NaN,NaN,NaN,NaN,NaN,NaN
2021-04-12,111600.0,385500.0,83200.0,137500.0,302500.0,226000.0,817000.0,266500.0
2021-04-13,111600.0,388500.0,84000.0,139500.0,301500.0,230000.0,868000.0,277000.0
2021-04-14,111600.0,391500.0,84000.0,137000.0,310000.0,232500.0,897000.0,276500.0
2021-04-15,120500.0,391000.0,84100.0,137500.0,308500.0,230500.0,891000.0,276500.0
2021-04-16,119000.0,391500.0,83900.0,137500.0,306000.0,231500.0,897000.0,276500.0
2021-04-17,NaN,NaN,NaN,NaN,NaN,NaN,NaN,NaN
2021-04-18,NaN,NaN,NaN,NaN,NaN,NaN,NaN,NaN
2021-04-19,119000.0,390000.0,83300.0,138000.0,305000.0,230000.0,881000.0,272000.0
2021-04-20,119500.0,391000.0,83900.0,138500.0,304500.0,229000.0,893000.0,268500.0
2021-04-21,118000.0,380500.0,82600.0,132500.0,298500.0,225500.0,864000.0,264000.0
2021-04-22,117500.0,380500.0,82400.0,133000.0,298000.0,226000.0,871000.0,264500.0
2021-04-23,117500.0,378000.0,82800.0,132500.0,290500.0,221000.0,874000.0,270000.0
2021-04-24,NaN,NaN,NaN,NaN,NaN,NaN,NaN,NaN
2021-04-25,NaN,NaN,NaN,NaN,NaN,NaN,NaN,NaN
2021-04-26,118000.0,377500.0,83500.0,131500.0,285000.0,221500.0,883000.0,273500.0
2021-04-27,121500.0,380000.0,82900.0,135000.0,278000.0,220000.0,891000.0,280500.0
2021-04-28,119500.0,373500.0,82100.0,130000.0,277500.0,221500.0,890000.0,270000.0
2021-04-29,117000.0,366500.0,81700.0,130000.0,270000.0,217500.0,951000.0,275000.0
2021-04-30,113500.0,359500.0,81500.0,128000.0,270000.0,212000.0,932000.0,270500.0
2021-05-01,NaN,NaN,NaN,NaN,NaN,NaN,NaN,NaN
2021-05-02,NaN,NaN,NaN,NaN,NaN,NaN,NaN,NaN
2021-05-03,114500.0,363000.0,81700.0,131500.0,272500.0,218000.0,907000.0,255500.0
2021-05-04,115500.0,364500.0,82600.0,132000.0,276500.0,223500.0,920000.0,273500.0
2021-05-05,NaN,NaN,NaN,NaN,NaN,NaN,NaN,NaN
2021-05-06,115000.0,361500.0,82300.0,129000.0,274500.0,223500.0,938000.0,281500.0
2021-05-07,114500.0,361000.0,81900.0,129500.0,277500.0,224000.0,919000.0,283500.0
2021-05-08,NaN,NaN,NaN,NaN,NaN,NaN,NaN,NaN
2021-05-09,NaN,NaN,NaN,NaN,NaN,NaN,NaN,NaN
2021-05-10,116000.0,362000.0,83200.0,130000.0,283500.0,229500.0,912000.0,279000.0
2021-05-11,114500.0,349000.0,81200.0,123000.0,277500.0,226500.0,911000.0,269000.0
2021-05-12,113000.0,343000.0,80000.0,119500.0,278500.0,227500.0,863000.0,266500.0
2021-05-13,109500.0,337500.0,78500.0,117500.0,277000.0,229500.0,850000.0,258000.0
2021-05-14,109000.0,342500.0,80100.0,118500.0,275000.0,229000.0,854000.0,269000.0
2021-05-15,NaN,NaN,NaN,NaN,NaN,NaN,NaN,NaN
2021-05-16,NaN,NaN,NaN,NaN,NaN,NaN,NaN,NaN
2021-05-17,110500.0,344000.0,79600.0,117500.0,276500.0,227000.0,860000.0,274000.0
2021-05-18,113000.0,349500.0,79600.0,121000.0,278000.0,231000.0,881000.0,278000.0
2021-05-19,NaN,NaN,NaN,NaN,NaN,NaN,NaN,NaN
2021-05-20,113500.0,351000.0,79500.0,122500.0,278000.0,224500.0,903000.0,278000.0
2021-05-21,117000.0,360000.0,80100.0,122500.0,280000.0,227500.0,894000.0,280000.0
2021-05-22,NaN,NaN,NaN,NaN,NaN,NaN,NaN,NaN
2021-05-23,NaN,NaN,NaN,NaN,NaN,NaN,NaN,NaN
2021-05-24,116500.0,355500.0,79700.0,119500.0,279000.0,228000.0,892000.0,271500.0
2021-05-25,118000.0,358000.0,79900.0,123000.0,277000.0,227500.0,892000.0,273500.0
2021-05-26,119500.0,363000.0,79800.0,123000.0,275500.0,223500.0,832000.0,273500.0
2021-05-27,125000.0,358000.0,79600.0,125500.0,271500.0,220500.0,803000.0,277000.0
2021-05-28,122000.0,358000.0,80100.0,125000.0,278500.0,232000.0,832000.0,274000.0
2021-05-29,NaN,NaN,NaN,NaN,NaN,NaN,NaN,NaN
2021-05-30,NaN,NaN,NaN,NaN,NaN,NaN,NaN,NaN
2021-05-31,123000.0,362500.0,80500.0,127000.0,280000.0,235000.0,819000.0,265000.0
2021-06-01,127000.0,367000.0,80600.0,128500.0,280500.0,237000.0,825000.0,264000.0
2021-06-02,127000.0,363000.0,80800.0,126000.0,280000.0,238000.0,807000.0,267000.0
2021-06-03,126500.0,362000.0,82800.0,129000.0,279000.0,238500.0,812000.0,272500.0
2021-06-04,124000.0,357000.0,82200.0,128500.0,288000.0,241500.0,809000.0,273500.0
2021-06-05,NaN,NaN,NaN,NaN,NaN,NaN,NaN,NaN
2021-06-06,NaN,NaN,NaN,NaN,NaN,NaN,NaN,NaN
2021-06-07,126000.0,362500.0,81900.0,128500.0,285500.0,241500.0,814000.0,274500.0
2021-06-08,128500.0,362500.0,81900.0,127500.0,288000.0,243500.0,808000.0,270000.0
2021-06-09,129000.0,358500.0,81100.0,122500.0,287500.0,239500.0,802000.0,274500.0
2021-06-10,133500.0,373500.0,81000.0,123000.0,287000.0,236000.0,807000.0,269500.0
2021-06-11,135500.0,372500.0,81000.0,128000.0,287000.0,238500.0,850000.0,274500.0
2021-06-12,NaN,NaN,NaN,NaN,NaN,NaN,NaN,NaN
2021-06-13,NaN,NaN,NaN,NaN,NaN,NaN,NaN,NaN
2021-06-14,142500.0,387000.0,80500.0,127000.0,288000.0,238000.0,827000.0,277500.0
2021-06-15,144500.0,387000.0,80900.0,128500.0,289000.0,237000.0,820000.0,288500.0
2021-06-16,143000.0,391000.0,81800.0,129500.0,289500.0,239500.0,808000.0,286000.0
2021-06-17,148000.0,389500.0,80900.0,126500.0,287500.0,236500.0,835000.0,281500.0
2021-06-18,155000.0,398000.0,80500.0,124500.0,287000.0,235000.0,822000.0,277000.0
2021-06-19,NaN,NaN,NaN,NaN,NaN,NaN,NaN,NaN
2021-06-20,NaN,NaN,NaN,NaN,NaN,NaN,NaN,NaN
2021-06-21,155000.0,397000.0,79900.0,122000.0,284500.0,233000.0,822000.0,275500.0
2021-06-22,159000.0,391000.0,80000.0,122000.0,294000.0,241000.0,842000.0,276000.0
2021-06-23,NaN,NaN,NaN,NaN,NaN,NaN,NaN,NaN
